kf,stamp,x,y,theta,sensor,fe,verifier,proposer,quality
0,1782485020.759277,0.0,0.0,0.0,lidar,native_s2s,bnb,proximity,-1.0
1,1782485022.859301,-0.0753,-0.086,-0.00138,lidar,native_s2s,bnb,proximity,0.9787
2,1782485024.940258,-0.0941,-0.1033,-0.0033,lidar,native_s2s,bnb,proximity,0.9831
3,1782485027.025439,-0.1128,-0.1251,-0.00155,lidar,native_s2s,bnb,proximity,0.9654
4,1782485029.115248,-0.134,-0.1488,-0.0013,lidar,native_s2s,bnb,proximity,0.9756
5,1782485031.194267,-0.1456,-0.1651,-0.00349,lidar,native_s2s,bnb,proximity,0.9552
6,1782485033.283308,-0.1658,-0.1885,-0.00122,lidar,native_s2s,bnb,proximity,0.9484
7,1782485035.366665,-0.1789,-0.2092,-0.00214,lidar,native_s2s,bnb,proximity,0.9315
8,1782485037.46856,-0.1937,-0.2224,-0.00167,lidar,native_s2s,bnb,proximity,0.938
9,1782485039.561627,-0.2244,-0.2632,0.00173,lidar,native_s2s,bnb,proximity,0.9663
10,1782485041.648663,-0.2452,-0.2788,-0.00196,lidar,native_s2s,bnb,proximity,0.9469
11,1782485043.748981,-0.2737,-0.3112,0.00164,lidar,native_s2s,bnb,proximity,0.9717
12,1782485045.749313,-0.2992,-0.3388,0.00192,lidar,native_s2s,bnb,proximity,0.9669
13,1782485047.842991,-0.3106,-0.3502,0.00348,lidar,native_s2s,bnb,proximity,0.9715
14,1782485049.927133,-0.3029,-0.3525,-0.00039,lidar,native_s2s,bnb,proximity,0.94
15,1782485050.95999,-0.043,-0.3312,-0.01474,lidar,native_s2s,bnb,proximity,0.7102
16,1782485051.682311,0.2169,-0.3151,-0.02069,lidar,native_s2s,bnb,proximity,0.5838
17,1782485052.303144,0.6449,-0.2889,-0.04098,lidar,native_s2s,bnb,proximity,0.5527
18,1782485052.923178,0.9216,-0.2952,-0.04833,lidar,native_s2s,bnb,proximity,0.5094
19,1782485053.657759,1.1917,-0.2933,-0.07285,lidar,native_s2s,bnb,proximity,0.5188
20,1782485054.065263,1.4439,-0.1251,-0.12145,lidar,native_s2s,bnb,proximity,0.5125
21,1782485054.695014,1.7494,-0.1353,-0.03203,lidar,native_s2s,bnb,proximity,0.5139
22,1782485055.20993,1.7482,-0.0858,0.21972,lidar,native_s2s,bnb,proximity,0.5111
23,1782485055.316389,2.0335,-0.0684,0.09894,lidar,native_s2s,bnb,proximity,0.5168
24,1782485055.829445,2.3278,0.0602,0.07242,lidar,native_s2s,bnb,proximity,0.516
25,1782485055.940085,2.0538,-0.0065,0.20486,lidar,native_s2s,bnb,proximity,0.5084
26,1782485056.142619,2.4404,0.0398,0.06092,lidar,native_s2s,bnb,proximity,0.5251
27,1782485056.250095,2.1701,0.0166,0.18787,lidar,native_s2s,bnb,proximity,0.5111
28,1782485056.351086,2.5973,0.088,0.05932,lidar,native_s2s,bnb,proximity,0.5194
29,1782485056.462063,2.256,0.0523,0.18878,lidar,native_s2s,bnb,proximity,0.5093
30,1782485056.55777,2.6344,0.1133,0.03446,lidar,native_s2s,bnb,proximity,0.5012
31,1782485056.665494,2.3619,0.0809,0.18973,lidar,native_s2s,bnb,proximity,0.5304
32,1782485056.868379,2.6625,-0.1189,0.0619,lidar,native_s2s,bnb,proximity,0.5178
33,1782485057.390106,2.9583,0.0173,0.01694,lidar,native_s2s,bnb,proximity,0.5034
34,1782485057.913465,3.2717,0.123,0.00811,lidar,native_s2s,bnb,proximity,0.5124
35,1782485058.017201,3.0163,0.2112,0.15612,lidar,native_s2s,bnb,proximity,0.5299
36,1782485058.120639,3.3216,0.1046,-0.0166,lidar,native_s2s,bnb,proximity,0.5069
37,1782485058.745927,3.5263,-0.055,-0.25353,lidar,native_s2s,bnb,proximity,0.5435
38,1782485059.469618,3.8901,-0.0309,-0.62395,lidar,native_s2s,bnb,proximity,0.5059
39,1782485059.571823,3.6656,0.0814,-0.50234,lidar,native_s2s,bnb,proximity,0.5174
40,1782485059.679433,4.0145,-0.0379,-0.63891,lidar,native_s2s,bnb,proximity,0.5095
41,1782485059.88433,3.8667,-0.312,-0.75616,lidar,native_s2s,bnb,proximity,0.668
42,1782485060.194177,3.9366,-0.4216,-0.96866,lidar,native_s2s,bnb,proximity,0.6786
43,1782485060.50534,3.9657,-0.5448,-1.18652,lidar,native_s2s,bnb,proximity,0.7377
44,1782485061.121723,4.0413,-0.8029,-1.29882,lidar,native_s2s,bnb,proximity,0.7638
45,1782485061.74643,4.0884,-1.0624,-1.45878,lidar,native_s2s,bnb,proximity,0.8188
46,1782485062.368721,4.1046,-1.3128,-1.55054,lidar,native_s2s,bnb,proximity,0.8136
47,1782485062.995559,4.0955,-1.5843,-1.63854,lidar,native_s2s,bnb,proximity,0.8756
48,1782485063.623922,4.0676,-1.8682,-1.72757,lidar,native_s2s,bnb,proximity,0.8699
49,1782485064.252746,4.0398,-2.1608,-1.69927,lidar,native_s2s,bnb,proximity,0.9007
50,1782485064.886413,4.0153,-2.4245,-1.72062,lidar,native_s2s,bnb,proximity,0.8948
51,1782485065.513012,3.9747,-2.7077,-1.74296,lidar,native_s2s,bnb,proximity,0.891
52,1782485065.940093,3.9212,-2.8623,-1.98165,lidar,native_s2s,bnb,proximity,0.8598
53,1782485066.25799,3.8416,-2.9656,-2.23506,lidar,native_s2s,bnb,proximity,0.8713
54,1782485066.569487,3.7607,-3.0578,-2.46647,lidar,native_s2s,bnb,proximity,0.846
55,1782485066.983886,3.6439,-3.1275,-2.67865,lidar,native_s2s,bnb,proximity,0.883
56,1782485067.612088,1.9393,-3.0924,-3.02053,lidar,native_s2s,bnb,proximity,0.832
57,1782485068.126423,1.7437,-3.087,3.05164,lidar,native_s2s,bnb,proximity,0.8826
58,1782485068.74647,1.4578,-3.072,2.94401,lidar,native_s2s,bnb,proximity,0.8423
59,1782485069.367682,1.1629,-3.0469,2.92988,lidar,native_s2s,bnb,proximity,0.8685
60,1782485069.997704,0.8723,-3.0254,2.91879,lidar,native_s2s,bnb,proximity,0.8824
61,1782485070.527862,2.1379,-2.8784,2.97983,lidar,native_s2s,bnb,proximity,0.8436
62,1782485071.151867,1.8542,-2.8593,2.97219,lidar,native_s2s,bnb,proximity,0.8536
63,1782485071.779732,1.5596,-2.8467,2.94392,lidar,native_s2s,bnb,proximity,0.8499
64,1782485072.099745,1.458,-2.8006,2.67969,lidar,native_s2s,bnb,proximity,0.8258
65,1782485072.421617,1.3591,-2.7289,2.46758,lidar,native_s2s,bnb,proximity,0.8198
66,1782485073.051511,1.247,-2.6757,2.36094,lidar,native_s2s,bnb,proximity,0.8266
67,1782485073.372598,1.1881,-2.582,2.09064,lidar,native_s2s,bnb,proximity,0.8014
68,1782485074.10063,1.0515,-2.3301,1.81704,lidar,native_s2s,bnb,proximity,0.8276
69,1782485074.627011,1.0058,-2.1284,1.56905,lidar,native_s2s,bnb,proximity,0.8566
70,1782485075.351005,0.9872,-1.8477,1.46739,lidar,native_s2s,bnb,proximity,0.8066
71,1782485076.924696,1.2741,-2.1298,1.49156,lidar,native_s2s,bnb,proximity,0.8821
72,1782485077.63908,1.2553,-2.4106,1.68944,lidar,native_s2s,bnb,proximity,0.8609
73,1782485078.15368,1.2734,-2.6157,1.90753,lidar,native_s2s,bnb,proximity,0.7972
74,1782485078.466278,1.2878,-2.7442,2.18745,lidar,native_s2s,bnb,proximity,0.7669
75,1782485078.777813,1.3349,-2.8588,2.4683,lidar,native_s2s,bnb,proximity,0.7513
76,1782485079.3934,1.5428,-3.0154,2.62491,lidar,native_s2s,bnb,proximity,0.8134
77,1782485079.707613,1.6364,-3.0955,2.89805,lidar,native_s2s,bnb,proximity,0.822
78,1782485080.019817,1.7774,-3.1127,-3.07363,lidar,native_s2s,bnb,proximity,0.8246
79,1782485080.638137,2.0264,-3.0705,-2.89352,lidar,native_s2s,bnb,proximity,0.8707
80,1782485081.367043,2.2985,-2.9985,-3.07384,lidar,native_s2s,bnb,proximity,0.8064
81,1782485081.991888,2.7415,-2.9797,-3.138,lidar,native_s2s,bnb,proximity,0.7597
82,1782485082.605444,3.0026,-2.9623,-3.1134,lidar,native_s2s,bnb,proximity,0.805
83,1782485083.229389,3.2683,-2.9302,-3.03536,lidar,native_s2s,bnb,proximity,0.8192
84,1782485083.85591,3.5188,-2.8798,-2.9234,lidar,native_s2s,bnb,proximity,0.8611
85,1782485084.473811,3.7828,-2.7955,-2.83102,lidar,native_s2s,bnb,proximity,0.8547
86,1782485085.105961,4.0696,-2.7654,-2.81309,lidar,native_s2s,bnb,proximity,0.8586
87,1782485085.938807,4.3092,-2.6734,-2.74543,lidar,native_s2s,bnb,proximity,0.8915
88,1782485087.09536,4.2737,-2.6868,-2.9896,lidar,native_s2s,bnb,proximity,0.9393
89,1782485087.614995,4.1813,-2.6776,3.08099,lidar,native_s2s,bnb,proximity,0.9453
90,1782485088.138132,4.103,-2.6436,2.85615,lidar,native_s2s,bnb,proximity,0.9082
91,1782485088.651787,3.9787,-2.6021,2.57279,lidar,native_s2s,bnb,proximity,0.8654
92,1782485088.962519,3.9251,-2.5569,2.3617,lidar,native_s2s,bnb,proximity,0.8733
93,1782485089.274346,3.8815,-2.4812,2.14395,lidar,native_s2s,bnb,proximity,0.8387
94,1782485089.587033,3.8778,-2.4018,1.91975,lidar,native_s2s,bnb,proximity,0.8802
95,1782485090.002726,3.8767,-2.2794,1.64842,lidar,native_s2s,bnb,proximity,0.8455
96,1782485090.416715,3.8738,-2.1855,1.39337,lidar,native_s2s,bnb,proximity,0.8124
97,1782485090.831456,3.9255,-2.0794,1.13682,lidar,native_s2s,bnb,proximity,0.8897
98,1782485091.55571,4.0503,-1.8465,1.00609,lidar,native_s2s,bnb,proximity,0.8859
99,1782485092.188122,4.1585,-1.5819,1.2482,lidar,native_s2s,bnb,proximity,0.8367
100,1782485092.495921,4.1714,-1.4545,1.45929,lidar,native_s2s,bnb,proximity,0.8254
101,1782485092.914992,4.1027,-1.2839,1.7127,lidar,native_s2s,bnb,proximity,0.7849
102,1782485093.338189,4.0341,-1.1308,1.93215,lidar,native_s2s,bnb,proximity,0.7
103,1782485093.75692,4.0258,-0.9651,1.68403,lidar,native_s2s,bnb,proximity,0.6863
104,1782485094.37805,4.0262,-0.7085,1.56705,lidar,native_s2s,bnb,proximity,0.7239
105,1782485094.695624,4.0798,-0.6013,1.34739,lidar,native_s2s,bnb,proximity,0.6615
106,1782485095.009222,4.0825,-0.4416,1.05231,lidar,native_s2s,bnb,proximity,0.7534
107,1782485095.629541,4.239,-0.2192,0.93714,lidar,native_s2s,bnb,proximity,0.794
108,1782485096.147815,4.4011,-0.0717,0.72262,lidar,native_s2s,bnb,proximity,0.8167
109,1782485096.776169,4.5929,0.0921,0.62897,lidar,native_s2s,bnb,proximity,0.84
110,1782485097.307958,4.783,0.1931,0.41511,lidar,native_s2s,bnb,proximity,0.8276
111,1782485097.928268,4.9373,0.2891,0.3503,lidar,native_s2s,bnb,proximity,0.8908
112,1782485098.555299,5.2034,0.4012,0.35553,lidar,native_s2s,bnb,proximity,0.7611
113,1782485098.868408,5.3167,0.4852,0.57712,lidar,native_s2s,bnb,proximity,0.7308
114,1782485099.292497,5.409,0.6617,0.851,lidar,native_s2s,bnb,proximity,0.7609
115,1782485099.703828,5.4919,0.8458,1.11686,lidar,native_s2s,bnb,proximity,0.7844
116,1782485100.121021,5.5143,1.0148,1.38409,lidar,native_s2s,bnb,proximity,0.8415
117,1782485102.213748,5.5249,1.1242,1.59524,lidar,native_s2s,bnb,proximity,0.8728
118,1782485102.949507,5.5777,0.8625,1.45426,lidar,native_s2s,bnb,proximity,0.8227
119,1782485103.257081,5.5841,0.7585,1.24056,lidar,native_s2s,bnb,proximity,0.8747
120,1782485103.570121,5.5654,0.6419,1.01872,lidar,native_s2s,bnb,proximity,0.821
121,1782485103.880879,5.5079,0.5348,0.77915,lidar,native_s2s,bnb,proximity,0.8229
122,1782485105.942028,5.7045,0.6845,0.53289,lidar,native_s2s,bnb,proximity,0.8603
123,1782485106.66832,5.9584,0.8154,0.37119,lidar,native_s2s,bnb,proximity,0.8244
124,1782485107.302111,6.1878,0.9108,0.09002,lidar,native_s2s,bnb,proximity,0.762
125,1782485107.933465,6.4724,0.9631,-0.03544,lidar,native_s2s,bnb,proximity,0.8188
126,1782485108.563862,6.7377,0.9729,-0.13146,lidar,native_s2s,bnb,proximity,0.8832
127,1782485109.195562,6.9942,0.9577,-0.23076,lidar,native_s2s,bnb,proximity,0.8938
128,1782485109.82696,7.2601,0.9661,-0.08329,lidar,native_s2s,bnb,proximity,0.88
129,1782485110.450483,7.528,0.9741,-0.08597,lidar,native_s2s,bnb,proximity,0.8874
130,1782485111.078835,7.7963,1.008,-0.03273,lidar,native_s2s,bnb,proximity,0.8996
131,1782485111.705197,8.0566,1.0802,0.12979,lidar,native_s2s,bnb,proximity,0.89
132,1782485112.444068,8.3113,1.0919,0.27554,lidar,native_s2s,bnb,proximity,0.8548
133,1782485114.528618,8.3259,1.0414,0.27442,lidar,native_s2s,bnb,proximity,0.9747
134,1782485116.528905,8.3245,1.0015,0.2766,lidar,native_s2s,bnb,proximity,0.9789
135,1782485118.618679,8.3233,0.9698,0.28028,lidar,native_s2s,bnb,proximity,0.97
136,1782485120.715216,8.3173,0.9341,0.2812,lidar,native_s2s,bnb,proximity,0.9483
137,1782485122.809858,8.3152,0.8883,0.28452,lidar,native_s2s,bnb,proximity,0.9627
138,1782485124.909427,8.2527,0.8272,0.28773,lidar,native_s2s,bnb,proximity,0.9711
139,1782485126.275168,8.542,0.8933,0.16556,lidar,native_s2s,bnb,proximity,0.8631
140,1782485127.006218,8.8042,0.9114,0.03954,lidar,native_s2s,bnb,proximity,0.8497
141,1782485127.736087,9.0936,0.9221,0.00853,lidar,native_s2s,bnb,proximity,0.8527
142,1782485128.369373,9.3724,0.934,0.01693,lidar,native_s2s,bnb,proximity,0.8473
143,1782485128.993312,9.6304,0.9718,0.1424,lidar,native_s2s,bnb,proximity,0.792
144,1782485129.621776,9.8893,0.9865,0.02484,lidar,native_s2s,bnb,proximity,0.7119
145,1782485130.347742,10.184,0.9972,0.01932,lidar,native_s2s,bnb,proximity,0.7555
146,1782485130.970361,10.4457,1.0134,-0.00324,lidar,native_s2s,bnb,proximity,0.7521
147,1782485131.592899,10.7263,0.9981,-0.01037,lidar,native_s2s,bnb,proximity,0.7799
148,1782485132.216489,11.0046,0.9995,-0.01004,lidar,native_s2s,bnb,proximity,0.7962
149,1782485132.836721,11.2772,1.0012,-0.03674,lidar,native_s2s,bnb,proximity,0.8453
150,1782485133.563792,11.5611,0.9559,-0.27265,lidar,native_s2s,bnb,proximity,0.7562
151,1782485134.190995,11.7777,0.842,-0.48505,lidar,native_s2s,bnb,proximity,0.8589
152,1782485134.91186,12.0124,0.6769,-0.63256,lidar,native_s2s,bnb,proximity,0.825
153,1782485135.647451,12.2182,0.484,-0.75277,lidar,native_s2s,bnb,proximity,0.7334
154,1782485136.065115,12.31,0.3484,-0.96803,lidar,native_s2s,bnb,proximity,0.8011
155,1782485136.692849,12.443,0.1246,-1.06039,lidar,native_s2s,bnb,proximity,0.7935
156,1782485137.428837,12.5579,-0.1404,-1.23383,lidar,native_s2s,bnb,proximity,0.797
157,1782485138.052866,12.612,-0.3925,-1.46009,lidar,native_s2s,bnb,proximity,0.7859
158,1782485138.678478,12.6257,-0.6626,-1.5889,lidar,native_s2s,bnb,proximity,0.8555
159,1782485139.308846,12.6027,-0.929,-1.72369,lidar,native_s2s,bnb,proximity,0.8366
160,1782485139.835882,12.5886,-1.1795,-1.69824,lidar,native_s2s,bnb,proximity,0.8213
161,1782485140.565724,12.618,-1.4666,-1.53407,lidar,native_s2s,bnb,proximity,0.8429
162,1782485140.981718,12.666,-1.6104,-1.3023,lidar,native_s2s,bnb,proximity,0.839
163,1782485141.396728,12.7418,-1.7314,-1.06198,lidar,native_s2s,bnb,proximity,0.8356
164,1782485141.814626,12.859,-1.8565,-0.79884,lidar,native_s2s,bnb,proximity,0.7792
165,1782485142.129221,12.9817,-1.9338,-0.58024,lidar,native_s2s,bnb,proximity,0.8256
166,1782485142.44668,13.1113,-1.9783,-0.35413,lidar,native_s2s,bnb,proximity,0.8565
167,1782485142.753741,13.2328,-1.9897,-0.14184,lidar,native_s2s,bnb,proximity,0.8062
168,1782485143.17012,13.3973,-1.95,0.13662,lidar,native_s2s,bnb,proximity,0.8367
169,1782485143.586145,13.5405,-1.8735,0.40989,lidar,native_s2s,bnb,proximity,0.801
170,1782485144.002273,13.6508,-1.7814,0.68562,lidar,native_s2s,bnb,proximity,0.7965
171,1782485145.562803,13.7411,-1.6842,0.92482,lidar,native_s2s,bnb,proximity,0.8667
172,1782485146.08038,13.774,-1.5536,1.16238,lidar,native_s2s,bnb,proximity,0.8389
173,1782485146.504006,13.7691,-1.4397,1.37347,lidar,native_s2s,bnb,proximity,0.767
174,1782485147.024646,13.7357,-1.3123,1.61856,lidar,native_s2s,bnb,proximity,0.8387
175,1782485147.547703,13.6644,-1.1735,1.87587,lidar,native_s2s,bnb,proximity,0.6962
176,1782485147.965585,13.6736,-0.8435,2.09346,lidar,native_s2s,bnb,proximity,0.6737
177,1782485148.698702,13.4782,-0.6487,2.09252,lidar,native_s2s,bnb,proximity,0.69
178,1782485149.330066,13.3491,-0.4319,1.86861,lidar,native_s2s,bnb,proximity,0.7332
179,1782485150.060565,13.2677,-0.1712,1.65721,lidar,native_s2s,bnb,proximity,0.6923
180,1782485150.792792,13.2646,0.1126,1.45091,lidar,native_s2s,bnb,proximity,0.7726
181,1782485151.420038,13.3177,0.387,1.15608,lidar,native_s2s,bnb,proximity,0.7358
182,1782485151.734672,13.3802,0.5058,0.9328,lidar,native_s2s,bnb,proximity,0.7889
183,1782485152.052355,13.4515,0.5899,0.71791,lidar,native_s2s,bnb,proximity,0.7576
184,1782485152.771079,13.6445,0.7566,0.49213,lidar,native_s2s,bnb,proximity,0.7986
185,1782485153.086344,13.7531,0.7915,0.26491,lidar,native_s2s,bnb,proximity,0.7531
186,1782485153.8172,14.0016,0.8734,0.09509,lidar,native_s2s,bnb,proximity,0.8803
187,1782485154.545366,14.2842,0.8878,-0.07629,lidar,native_s2s,bnb,proximity,0.8981
188,1782485155.164221,14.5582,0.8981,0.01332,lidar,native_s2s,bnb,proximity,0.8192
189,1782485155.791143,14.8205,0.9356,0.01127,lidar,native_s2s,bnb,proximity,0.829
190,1782485156.415693,15.0872,0.9644,0.00536,lidar,native_s2s,bnb,proximity,0.8383
191,1782485157.038153,15.3631,1.0094,0.02216,lidar,native_s2s,bnb,proximity,0.8311
192,1782485157.659814,15.6253,1.0401,0.00461,lidar,native_s2s,bnb,proximity,0.8529
193,1782485158.175256,15.8772,1.0985,0.22924,lidar,native_s2s,bnb,proximity,0.7982
194,1782485158.492107,15.9852,1.185,0.44846,lidar,native_s2s,bnb,proximity,0.8129
195,1782485158.798456,16.0748,1.2831,0.66566,lidar,native_s2s,bnb,proximity,0.821
196,1782485159.217222,16.1448,1.4271,0.92994,lidar,native_s2s,bnb,proximity,0.803
197,1782485159.947647,16.2558,1.6863,1.06772,lidar,native_s2s,bnb,proximity,0.8638
198,1782485160.682245,16.3316,1.9672,1.23097,lidar,native_s2s,bnb,proximity,0.8675
199,1782485161.405035,16.3198,2.2437,1.50557,lidar,native_s2s,bnb,proximity,0.8289
200,1782485162.972049,16.2737,2.3523,1.71866,lidar,native_s2s,bnb,proximity,0.9316
201,1782485163.705264,16.3518,2.0921,1.65585,lidar,native_s2s,bnb,proximity,0.8781
202,1782485164.010738,16.3617,1.9808,1.42456,lidar,native_s2s,bnb,proximity,0.8709
203,1782485164.425567,16.3924,1.7063,1.29598,lidar,native_s2s,bnb,proximity,0.9183
204,1782485164.945474,16.3796,1.4375,1.09912,lidar,native_s2s,bnb,proximity,0.8833
205,1782485165.258833,16.3243,1.2963,0.83403,lidar,native_s2s,bnb,proximity,0.8649
206,1782485165.575407,16.2525,1.161,0.56763,lidar,native_s2s,bnb,proximity,0.8475
207,1782485165.888425,16.0835,1.0864,0.2693,lidar,native_s2s,bnb,proximity,0.8507
208,1782485167.243453,15.9406,0.9848,0.03818,lidar,native_s2s,bnb,proximity,0.9129
209,1782485167.7645,16.0478,0.9588,-0.21412,lidar,native_s2s,bnb,proximity,0.928
210,1782485168.182791,16.1277,0.9036,-0.46572,lidar,native_s2s,bnb,proximity,0.9175
211,1782485168.500811,16.1968,0.8519,-0.68099,lidar,native_s2s,bnb,proximity,0.8895
212,1782485169.223878,16.4067,0.6693,-0.82649,lidar,native_s2s,bnb,proximity,0.9112
213,1782485169.848062,16.5701,0.4607,-0.97138,lidar,native_s2s,bnb,proximity,0.8889
214,1782485170.474132,16.7213,0.2426,-1.08238,lidar,native_s2s,bnb,proximity,0.8909
215,1782485171.209901,16.8305,-0.0074,-1.32884,lidar,native_s2s,bnb,proximity,0.8893
216,1782485171.942522,16.9041,-0.2683,-1.45527,lidar,native_s2s,bnb,proximity,0.8747
217,1782485173.503243,16.8832,-0.0105,-1.53297,lidar,native_s2s,bnb,proximity,0.9116
218,1782485174.234536,16.8264,0.282,-1.32078,lidar,native_s2s,bnb,proximity,0.9333
219,1782485174.86253,16.7562,0.5539,-1.06748,lidar,native_s2s,bnb,proximity,0.8465
220,1782485175.382258,16.5897,0.7545,-0.92754,lidar,native_s2s,bnb,proximity,0.9076
221,1782485175.797185,16.4944,0.9081,-0.64798,lidar,native_s2s,bnb,proximity,0.8836
222,1782485176.11374,16.3804,0.9741,-0.33864,lidar,native_s2s,bnb,proximity,0.8857
223,1782485176.740731,16.1225,1.0227,-0.18214,lidar,native_s2s,bnb,proximity,0.9132
224,1782485177.986815,16.3748,0.9845,-0.02851,lidar,native_s2s,bnb,proximity,0.8995
225,1782485178.720358,16.6289,1.0018,0.06755,lidar,native_s2s,bnb,proximity,0.9211
226,1782485179.552388,16.7951,1.1882,0.10581,lidar,native_s2s,bnb,proximity,0.927
227,1782485180.382407,17.0857,1.2117,-0.07399,lidar,native_s2s,bnb,proximity,0.7963
228,1782485181.105777,17.3675,1.2311,0.0066,lidar,native_s2s,bnb,proximity,0.8221
229,1782485181.835889,17.6549,1.2185,-0.02192,lidar,native_s2s,bnb,proximity,0.8263
230,1782485182.465793,17.9285,1.2206,-0.02883,lidar,native_s2s,bnb,proximity,0.7446
231,1782485183.090636,18.195,1.2358,0.09346,lidar,native_s2s,bnb,proximity,0.7715
232,1782485183.714364,18.4585,1.2391,0.07659,lidar,native_s2s,bnb,proximity,0.7805
233,1782485184.335203,18.7425,1.247,0.06519,lidar,native_s2s,bnb,proximity,0.8363
234,1782485184.956235,19.0256,1.2628,0.0545,lidar,native_s2s,bnb,proximity,0.8284
235,1782485185.577271,19.3139,1.2649,0.03891,lidar,native_s2s,bnb,proximity,0.7828
236,1782485186.202029,19.592,1.2771,0.02355,lidar,native_s2s,bnb,proximity,0.8014
237,1782485187.247098,19.8418,1.2559,-0.00148,lidar,native_s2s,bnb,proximity,0.8073
238,1782485187.975322,19.9786,1.2104,-0.22978,lidar,native_s2s,bnb,proximity,0.8668
239,1782485188.707301,20.1711,1.1249,-0.44486,lidar,native_s2s,bnb,proximity,0.8224
240,1782485189.125931,20.2679,1.04,-0.67099,lidar,native_s2s,bnb,proximity,0.8193
241,1782485189.857795,20.4715,0.863,-0.80703,lidar,native_s2s,bnb,proximity,0.8002
242,1782485190.588465,20.6187,0.6465,-0.8738,lidar,native_s2s,bnb,proximity,0.7846
243,1782485191.316757,20.815,0.4636,-0.70604,lidar,native_s2s,bnb,proximity,0.8623
244,1782485191.735401,20.9744,0.3903,-0.46621,lidar,native_s2s,bnb,proximity,0.8185
245,1782485192.157131,21.1279,0.3746,-0.21312,lidar,native_s2s,bnb,proximity,0.7636
246,1782485192.788691,21.3811,0.3276,-0.21522,lidar,native_s2s,bnb,proximity,0.7931
247,1782485193.416585,21.6441,0.2797,-0.2398,lidar,native_s2s,bnb,proximity,0.8458
248,1782485193.934931,21.8934,0.2378,-0.12468,lidar,native_s2s,bnb,proximity,0.7516
249,1782485194.765338,22.1698,0.2415,-0.06783,lidar,native_s2s,bnb,proximity,0.8887
250,1782485195.49221,22.4283,0.2614,0.09288,lidar,native_s2s,bnb,proximity,0.887
251,1782485196.221686,22.6802,0.299,0.12532,lidar,native_s2s,bnb,proximity,0.8105
252,1782485196.95258,22.9296,0.3831,0.25996,lidar,native_s2s,bnb,proximity,0.8224
253,1782485197.465388,23.1097,0.4951,0.52288,lidar,native_s2s,bnb,proximity,0.7842
254,1782485197.887251,23.213,0.6225,0.78934,lidar,native_s2s,bnb,proximity,0.8016
255,1782485198.302069,23.273,0.7605,1.03591,lidar,native_s2s,bnb,proximity,0.8025
256,1782485199.036687,23.3728,1.0221,1.14252,lidar,native_s2s,bnb,proximity,0.8258
257,1782485199.870132,23.3827,1.2911,1.39021,lidar,native_s2s,bnb,proximity,0.8313
258,1782485200.704145,23.4239,1.5667,1.23054,lidar,native_s2s,bnb,proximity,0.8027
259,1782485201.537427,23.5073,1.8124,0.98944,lidar,native_s2s,bnb,proximity,0.8394
260,1782485202.36309,23.6546,2.0285,0.77713,lidar,native_s2s,bnb,proximity,0.859
261,1782485202.890028,23.7601,2.1057,0.55004,lidar,native_s2s,bnb,proximity,0.8509
262,1782485203.410241,23.8881,2.1907,0.33433,lidar,native_s2s,bnb,proximity,0.8003
263,1782485204.144153,24.0901,2.2396,0.11331,lidar,native_s2s,bnb,proximity,0.8105
264,1782485204.862689,24.3512,2.2672,0.02508,lidar,native_s2s,bnb,proximity,0.7976
265,1782485205.591198,24.6168,2.3132,0.02615,lidar,native_s2s,bnb,proximity,0.8084
266,1782485206.318151,24.9034,2.3605,0.06315,lidar,native_s2s,bnb,proximity,0.7839
267,1782485207.039674,25.1722,2.3966,0.04758,lidar,native_s2s,bnb,proximity,0.8225
268,1782485207.45471,25.3017,2.3761,-0.17933,lidar,native_s2s,bnb,proximity,0.7889
269,1782485207.774157,25.3948,2.3427,-0.41799,lidar,native_s2s,bnb,proximity,0.809
270,1782485208.181571,25.4925,2.2732,-0.64545,lidar,native_s2s,bnb,proximity,0.7791
271,1782485209.010748,25.6904,2.0912,-0.78985,lidar,native_s2s,bnb,proximity,0.7989
272,1782485209.326892,25.7745,1.9801,-1.02176,lidar,native_s2s,bnb,proximity,0.7479
273,1782485210.054014,25.8738,1.7166,-1.28162,lidar,native_s2s,bnb,proximity,0.7169
274,1782485210.782315,25.9085,1.4469,-1.41704,lidar,native_s2s,bnb,proximity,0.7683
275,1782485211.51097,25.9299,1.1631,-1.54209,lidar,native_s2s,bnb,proximity,0.7783
276,1782485212.033331,25.9,0.9906,-1.81567,lidar,native_s2s,bnb,proximity,0.7122
277,1782485212.663725,25.786,0.7858,-2.07106,lidar,native_s2s,bnb,proximity,0.7411
278,1782485213.077168,25.6899,0.6867,-2.34388,lidar,native_s2s,bnb,proximity,0.7692
279,1782485213.493739,25.5724,0.6239,-2.61297,lidar,native_s2s,bnb,proximity,0.7557
280,1782485213.910824,25.4421,0.5637,-2.82563,lidar,native_s2s,bnb,proximity,0.7171
281,1782485214.634217,25.1771,0.4848,-2.89069,lidar,native_s2s,bnb,proximity,0.7003
282,1782485215.047891,25.0346,0.4052,-2.67845,lidar,native_s2s,bnb,proximity,0.6913
283,1782485215.678171,24.7817,0.2611,-2.56358,lidar,native_s2s,bnb,proximity,0.6647
284,1782485216.193135,24.5939,0.1153,-2.35026,lidar,native_s2s,bnb,proximity,0.6731
285,1782485216.610047,24.5376,-0.1091,-2.07746,lidar,native_s2s,bnb,proximity,0.7722
286,1782485217.027922,24.5048,-0.2819,-1.81325,lidar,native_s2s,bnb,proximity,0.725
287,1782485217.449936,24.5004,-0.4546,-1.58804,lidar,native_s2s,bnb,proximity,0.7105
288,1782485218.083315,24.4978,-0.7196,-1.58287,lidar,native_s2s,bnb,proximity,0.8257
289,1782485218.504294,24.4654,-0.8727,-1.81163,lidar,native_s2s,bnb,proximity,0.7473
290,1782485218.813584,24.4164,-0.9819,-2.05272,lidar,native_s2s,bnb,proximity,0.7991
291,1782485219.232628,24.3358,-1.1094,-2.27703,lidar,native_s2s,bnb,proximity,0.8379
292,1782485219.548319,24.2384,-1.1736,-2.50821,lidar,native_s2s,bnb,proximity,0.7748
293,1782485219.862942,24.1406,-1.2367,-2.7397,lidar,native_s2s,bnb,proximity,0.7989
294,1782485220.376022,23.9699,-1.2992,-2.95589,lidar,native_s2s,bnb,proximity,0.8002
295,1782485220.896696,23.7745,-1.3393,3.11667,lidar,native_s2s,bnb,proximity,0.8377
296,1782485221.523302,23.5184,-1.3598,2.99575,lidar,native_s2s,bnb,proximity,0.7077
297,1782485222.149184,23.2667,-1.3409,2.71081,lidar,native_s2s,bnb,proximity,0.7041
298,1782485222.462516,23.1779,-1.2864,2.42207,lidar,native_s2s,bnb,proximity,0.6426
299,1782485222.778651,23.1129,-1.1945,2.14169,lidar,native_s2s,bnb,proximity,0.702
300,1782485223.498368,22.9717,-0.9764,1.88175,lidar,native_s2s,bnb,proximity,0.6666
301,1782485224.121757,23.5597,-0.3641,1.57229,lidar,native_s2s,bnb,proximity,0.7354
302,1782485224.84858,23.5657,-0.1179,1.33999,lidar,native_s2s,bnb,proximity,0.6817
303,1782485225.676554,23.6332,0.1662,1.15715,lidar,native_s2s,bnb,proximity,0.7133
304,1782485226.299294,23.705,0.4068,1.22923,lidar,native_s2s,bnb,proximity,0.635
305,1782485227.130685,23.7546,0.6852,1.30283,lidar,native_s2s,bnb,proximity,0.7154
306,1782485227.866277,23.7996,0.9463,1.27825,lidar,native_s2s,bnb,proximity,0.751
307,1782485229.938059,23.8083,1.0187,1.27396,lidar,native_s2s,bnb,proximity,0.9337
308,1782485232.021719,23.8162,1.0836,1.2726,lidar,native_s2s,bnb,proximity,0.9624
309,1782485234.112135,23.8386,1.2051,1.2737,lidar,native_s2s,bnb,proximity,0.9398
310,1782485235.055353,23.9248,1.4436,1.07344,lidar,native_s2s,bnb,proximity,0.8264
311,1782485235.788455,24.0548,1.6461,0.85859,lidar,native_s2s,bnb,proximity,0.8332
312,1782485236.516927,24.2171,1.8395,0.76033,lidar,native_s2s,bnb,proximity,0.8592
313,1782485237.24837,24.4173,2.0322,0.55647,lidar,native_s2s,bnb,proximity,0.8207
314,1782485237.984234,24.6402,2.1736,0.36584,lidar,native_s2s,bnb,proximity,0.757
315,1782485238.610605,24.8621,2.2924,0.22527,lidar,native_s2s,bnb,proximity,0.7384
316,1782485239.23909,24.9942,2.4413,0.21573,lidar,native_s2s,bnb,proximity,0.7787
317,1782485239.873072,25.2422,2.5034,-0.05489,lidar,native_s2s,bnb,proximity,0.725
318,1782485240.492851,25.497,2.5064,-0.21223,lidar,native_s2s,bnb,proximity,0.6557
319,1782485240.811617,25.6112,2.478,-0.43045,lidar,native_s2s,bnb,proximity,0.7066
320,1782485241.429916,25.8324,2.3768,-0.65281,lidar,native_s2s,bnb,proximity,0.6852
321,1782485241.846747,25.9345,2.217,-0.88257,lidar,native_s2s,bnb,proximity,0.7869
322,1782485242.160811,25.9851,2.1275,-1.15069,lidar,native_s2s,bnb,proximity,0.7612
323,1782485242.478358,26.0252,1.9628,-1.40368,lidar,native_s2s,bnb,proximity,0.7706
324,1782485242.786938,26.0216,1.8397,-1.6191,lidar,native_s2s,bnb,proximity,0.7859
325,1782485243.518946,26.0045,1.5779,-1.83361,lidar,native_s2s,bnb,proximity,0.835
326,1782485243.833992,25.9283,1.5105,-2.04679,lidar,native_s2s,bnb,proximity,0.8366
327,1782485244.152231,25.8749,1.4307,-2.27866,lidar,native_s2s,bnb,proximity,0.8277
328,1782485244.876992,25.6863,1.2086,-2.46111,lidar,native_s2s,bnb,proximity,0.8303
329,1782485245.399673,25.5168,1.1001,-2.69063,lidar,native_s2s,bnb,proximity,0.8332
330,1782485246.13073,25.2887,0.9424,-2.79605,lidar,native_s2s,bnb,proximity,0.7782
331,1782485246.754979,25.0233,0.8901,-2.89608,lidar,native_s2s,bnb,proximity,0.7862
332,1782485247.483975,24.7097,0.7939,-2.97071,lidar,native_s2s,bnb,proximity,0.7386
333,1782485248.006053,24.4676,0.6649,-2.90065,lidar,native_s2s,bnb,proximity,0.7434
334,1782485248.635079,24.221,0.555,-2.89565,lidar,native_s2s,bnb,proximity,0.7493
335,1782485249.267281,23.9647,0.4495,-2.90959,lidar,native_s2s,bnb,proximity,0.8305
336,1782485250.927196,23.7535,0.409,-2.9819,lidar,native_s2s,bnb,proximity,0.8781
337,1782485252.17033,23.5037,0.3364,-2.98319,lidar,native_s2s,bnb,proximity,0.7528
338,1782485252.900964,23.2379,0.2566,-2.99441,lidar,native_s2s,bnb,proximity,0.7257
339,1782485253.519306,22.9882,0.1871,-3.00419,lidar,native_s2s,bnb,proximity,0.7178
340,1782485254.237341,22.7202,0.1109,-2.99658,lidar,native_s2s,bnb,proximity,0.7341
341,1782485254.963218,22.4845,0.1729,-3.03595,lidar,native_s2s,bnb,proximity,0.7044
342,1782485257.045407,22.3756,0.233,-3.03664,lidar,native_s2s,bnb,proximity,0.9314
343,1782485259.125674,22.3282,0.2557,-3.03907,lidar,native_s2s,bnb,proximity,0.9654
344,1782485261.201913,22.0754,0.2315,-3.03918,lidar,native_s2s,bnb,proximity,0.8359
345,1782485261.831531,21.8117,0.1946,-3.04653,lidar,native_s2s,bnb,proximity,0.8751
346,1782485262.451007,21.6668,0.1261,-3.0457,lidar,native_s2s,bnb,proximity,0.8166
347,1782485263.087401,21.3918,0.1041,3.04364,lidar,native_s2s,bnb,proximity,0.7961
348,1782485263.713192,21.1215,0.1382,2.93574,lidar,native_s2s,bnb,proximity,0.902
349,1782485264.434508,20.8581,0.2002,2.82182,lidar,native_s2s,bnb,proximity,0.8718
350,1782485265.162028,20.5996,0.3139,2.55679,lidar,native_s2s,bnb,proximity,0.8434
351,1782485265.991339,20.5322,0.4654,2.32547,lidar,native_s2s,bnb,proximity,0.8131
352,1782485266.720634,20.3596,0.6875,2.13525,lidar,native_s2s,bnb,proximity,0.8861
353,1782485267.344687,20.1735,0.8749,2.32854,lidar,native_s2s,bnb,proximity,0.7862
354,1782485268.080519,19.9544,1.0582,2.34891,lidar,native_s2s,bnb,proximity,0.8407
355,1782485268.815861,19.7917,1.2801,2.33364,lidar,native_s2s,bnb,proximity,0.8628
356,1782485269.864484,19.615,1.4457,2.53302,lidar,native_s2s,bnb,proximity,0.871
357,1782485270.382778,19.4871,1.5049,2.78736,lidar,native_s2s,bnb,proximity,0.8571
358,1782485270.80145,19.3625,1.519,3.00655,lidar,native_s2s,bnb,proximity,0.8505
359,1782485271.3275,19.2114,1.4891,-3.06597,lidar,native_s2s,bnb,proximity,0.9082
360,1782485272.173879,18.9522,1.459,-2.96845,lidar,native_s2s,bnb,proximity,0.8711
361,1782485273.006477,18.5957,1.4112,-2.90889,lidar,native_s2s,bnb,proximity,0.8519
362,1782485273.846821,18.31,1.3539,-2.92554,lidar,native_s2s,bnb,proximity,0.8122
363,1782485274.576804,18.0324,1.2933,-2.94688,lidar,native_s2s,bnb,proximity,0.8044
364,1782485275.201947,17.8301,1.3006,3.03636,lidar,native_s2s,bnb,proximity,0.8063
365,1782485275.925031,17.5745,1.368,2.90704,lidar,native_s2s,bnb,proximity,0.8691
366,1782485276.652233,17.0912,1.4542,2.71299,lidar,native_s2s,bnb,proximity,0.8554
367,1782485277.275969,16.9125,1.586,2.49199,lidar,native_s2s,bnb,proximity,0.8941
368,1782485277.699637,16.8164,1.7035,2.26028,lidar,native_s2s,bnb,proximity,0.8529
369,1782485278.312482,16.7166,1.9172,2.01806,lidar,native_s2s,bnb,proximity,0.8307
370,1782485278.945447,16.6237,2.1569,1.82992,lidar,native_s2s,bnb,proximity,0.8898
371,1782485279.565422,16.4631,2.3478,1.73646,lidar,native_s2s,bnb,proximity,0.9193
372,1782485281.024854,16.5022,2.2259,1.48319,lidar,native_s2s,bnb,proximity,0.8574
373,1782485281.445779,16.5212,2.0621,1.23727,lidar,native_s2s,bnb,proximity,0.9045
374,1782485282.065932,16.465,1.7887,1.20656,lidar,native_s2s,bnb,proximity,0.8532
375,1782485282.385523,16.4328,1.6217,0.99144,lidar,native_s2s,bnb,proximity,0.8596
376,1782485282.694406,16.2934,1.5009,0.76936,lidar,native_s2s,bnb,proximity,0.858
377,1782485283.317827,16.1154,1.263,0.57912,lidar,native_s2s,bnb,proximity,0.8539
378,1782485283.631391,16.0446,1.1781,0.31349,lidar,native_s2s,bnb,proximity,0.8297
379,1782485283.944533,15.9128,1.1214,0.06751,lidar,native_s2s,bnb,proximity,0.8298
380,1782485285.093083,16.0868,1.1047,-0.16403,lidar,native_s2s,bnb,proximity,0.897
381,1782485285.827878,16.2751,1.0574,-0.31289,lidar,native_s2s,bnb,proximity,0.7954
382,1782485286.55299,16.5127,0.9553,-0.50653,lidar,native_s2s,bnb,proximity,0.8154
383,1782485286.868971,16.5956,0.8864,-0.75219,lidar,native_s2s,bnb,proximity,0.8356
384,1782485287.178291,16.6629,0.8016,-0.96945,lidar,native_s2s,bnb,proximity,0.8106
385,1782485287.488872,16.7162,0.7203,-1.18346,lidar,native_s2s,bnb,proximity,0.8387
386,1782485288.324991,16.7511,0.4661,-1.47293,lidar,native_s2s,bnb,proximity,0.7999
387,1782485288.938809,16.8098,0.2162,-1.52802,lidar,native_s2s,bnb,proximity,0.8142
388,1782485289.672578,16.8786,-0.0301,-1.48617,lidar,native_s2s,bnb,proximity,0.8418
389,1782485291.753712,16.8558,0.1672,-1.4951,lidar,native_s2s,bnb,proximity,0.8385
390,1782485292.276395,16.8167,0.3937,-1.73936,lidar,native_s2s,bnb,proximity,0.8159
391,1782485292.593094,16.7904,0.5112,-1.95988,lidar,native_s2s,bnb,proximity,0.8539
392,1782485293.313163,16.8255,0.7613,-2.00825,lidar,native_s2s,bnb,proximity,0.8079
393,1782485295.295636,16.8943,0.8408,-1.7801,lidar,native_s2s,bnb,proximity,0.8334
394,1782485295.609303,16.9297,0.9391,-1.56846,lidar,native_s2s,bnb,proximity,0.8772
395,1782485295.92143,16.934,1.0634,-1.33611,lidar,native_s2s,bnb,proximity,0.9049
396,1782485296.557289,16.8094,1.3445,-1.22724,lidar,native_s2s,bnb,proximity,0.885
397,1782485297.183238,16.6819,1.605,-1.13087,lidar,native_s2s,bnb,proximity,0.8653
398,1782485298.745326,16.6455,1.5976,-1.34872,lidar,native_s2s,bnb,proximity,0.884
399,1782485299.472317,16.686,1.4189,-1.60106,lidar,native_s2s,bnb,proximity,0.8486
400,1782485299.780411,16.6657,1.3305,-1.81634,lidar,native_s2s,bnb,proximity,0.8515
401,1782485300.203364,16.5694,1.2565,-2.06004,lidar,native_s2s,bnb,proximity,0.8715
402,1782485300.610929,16.4838,1.1596,-2.27224,lidar,native_s2s,bnb,proximity,0.8235
403,1782485301.024508,16.3941,1.0784,-2.48474,lidar,native_s2s,bnb,proximity,0.8597
404,1782485301.959816,16.2874,0.9733,-2.71042,lidar,native_s2s,bnb,proximity,0.8732
405,1782485302.889316,16.0544,0.8798,-2.97152,lidar,native_s2s,bnb,proximity,0.8088
406,1782485303.518406,15.7911,0.8782,-3.10598,lidar,native_s2s,bnb,proximity,0.847
407,1782485304.233122,15.5404,0.8556,3.06219,lidar,native_s2s,bnb,proximity,0.8886
408,1782485304.964688,15.2892,0.8095,-3.06695,lidar,native_s2s,bnb,proximity,0.8725
409,1782485305.694439,15.0416,0.7437,-3.0487,lidar,native_s2s,bnb,proximity,0.8526
410,1782485306.416665,14.7694,0.6738,-3.06412,lidar,native_s2s,bnb,proximity,0.8239
411,1782485307.038277,14.5282,0.7664,-3.09948,lidar,native_s2s,bnb,proximity,0.8295
412,1782485307.662242,14.2508,0.8057,-3.11305,lidar,native_s2s,bnb,proximity,0.8303
413,1782485308.287223,13.9882,0.781,-2.87209,lidar,native_s2s,bnb,proximity,0.8489
414,1782485309.013383,13.7037,0.7512,-2.89287,lidar,native_s2s,bnb,proximity,0.8162
415,1782485309.532744,13.4987,0.6518,-2.6697,lidar,native_s2s,bnb,proximity,0.7747
416,1782485309.948108,13.4795,0.4154,-2.43224,lidar,native_s2s,bnb,proximity,0.7961
417,1782485310.369379,13.3957,0.3002,-2.17559,lidar,native_s2s,bnb,proximity,0.7443
418,1782485311.204642,13.2709,0.0538,-1.97989,lidar,native_s2s,bnb,proximity,0.7644
419,1782485311.832714,13.2315,-0.1678,-1.73858,lidar,native_s2s,bnb,proximity,0.7629
420,1782485312.566557,13.2623,-0.4096,-1.52904,lidar,native_s2s,bnb,proximity,0.8277
421,1782485313.190123,13.3707,-0.7955,-1.76162,lidar,native_s2s,bnb,proximity,0.8249
422,1782485313.604755,13.3094,-0.8975,-2.02777,lidar,native_s2s,bnb,proximity,0.8329
423,1782485314.022734,13.2322,-0.9789,-2.25445,lidar,native_s2s,bnb,proximity,0.876
424,1782485314.439286,13.1521,-1.0249,-2.46658,lidar,native_s2s,bnb,proximity,0.8455
425,1782485314.855268,13.0554,-1.0579,-2.72189,lidar,native_s2s,bnb,proximity,0.8346
426,1782485315.26988,13.0452,-1.1032,-2.97099,lidar,native_s2s,bnb,proximity,0.8622
427,1782485315.69377,12.933,-1.0788,3.05067,lidar,native_s2s,bnb,proximity,0.8573
428,1782485316.108032,12.8344,-1.0237,2.80781,lidar,native_s2s,bnb,proximity,0.7916
429,1782485316.520957,12.7462,-0.9759,2.58164,lidar,native_s2s,bnb,proximity,0.7486
430,1782485317.356533,12.5532,-0.8033,2.28147,lidar,native_s2s,bnb,proximity,0.8459
431,1782485317.978566,12.4645,-0.6659,2.05051,lidar,native_s2s,bnb,proximity,0.7807
432,1782485318.29033,12.4281,-0.5653,1.82199,lidar,native_s2s,bnb,proximity,0.8163
433,1782485318.916875,12.3549,-0.3136,1.71327,lidar,native_s2s,bnb,proximity,0.782
434,1782485319.637569,12.2959,-0.0329,1.82073,lidar,native_s2s,bnb,proximity,0.7624
435,1782485320.26516,12.2014,0.2425,1.85504,lidar,native_s2s,bnb,proximity,0.8343
436,1782485320.998093,12.129,0.4475,1.99565,lidar,native_s2s,bnb,proximity,0.8543
437,1782485321.523027,12.0037,0.6513,2.21215,lidar,native_s2s,bnb,proximity,0.8473
438,1782485321.831202,11.9056,0.7352,2.42797,lidar,native_s2s,bnb,proximity,0.8134
439,1782485322.249287,11.7502,0.8005,2.69031,lidar,native_s2s,bnb,proximity,0.7527
440,1782485322.986551,11.4806,0.9031,2.69654,lidar,native_s2s,bnb,proximity,0.8567
441,1782485323.509777,11.2857,0.9758,2.9002,lidar,native_s2s,bnb,proximity,0.8259
442,1782485324.23755,11.0207,1.0269,2.91542,lidar,native_s2s,bnb,proximity,0.7883
443,1782485325.073483,10.7565,1.0589,3.04777,lidar,native_s2s,bnb,proximity,0.8135
444,1782485325.800252,10.4834,1.0222,3.13609,lidar,native_s2s,bnb,proximity,0.8235
445,1782485326.632062,10.2103,1.0307,3.1212,lidar,native_s2s,bnb,proximity,0.8638
446,1782485328.499055,9.937,1.0083,-3.14058,lidar,native_s2s,bnb,proximity,0.8743
447,1782485329.424662,9.6684,1.0041,-3.12769,lidar,native_s2s,bnb,proximity,0.849
448,1782485330.261182,9.3923,1.0056,3.13235,lidar,native_s2s,bnb,proximity,0.8902
449,1782485331.093364,9.1072,1.0071,3.10085,lidar,native_s2s,bnb,proximity,0.8678
450,1782485331.817818,8.8278,1.0055,3.0669,lidar,native_s2s,bnb,proximity,0.8487
451,1782485332.55223,8.5026,0.9172,3.12173,lidar,native_s2s,bnb,proximity,0.8755
452,1782485333.272704,8.2517,0.8979,-3.0709,lidar,native_s2s,bnb,proximity,0.8638
453,1782485334.113405,8.0102,0.8323,3.14095,lidar,native_s2s,bnb,proximity,0.8785
454,1782485334.940232,7.7017,0.8227,3.03029,lidar,native_s2s,bnb,proximity,0.8641
455,1782485335.771861,7.4303,0.8064,3.06422,lidar,native_s2s,bnb,proximity,0.9312
456,1782485336.501328,7.1453,0.809,3.04181,lidar,native_s2s,bnb,proximity,0.913
457,1782485337.229424,6.8614,0.7895,-3.13395,lidar,native_s2s,bnb,proximity,0.8672
458,1782485337.955442,6.5953,0.7613,3.1334,lidar,native_s2s,bnb,proximity,0.8742
459,1782485338.684774,6.3361,0.7453,3.08789,lidar,native_s2s,bnb,proximity,0.8051
460,1782485339.102913,6.2138,0.7877,2.80396,lidar,native_s2s,bnb,proximity,0.7957
461,1782485339.519599,5.8808,0.9374,2.60594,lidar,native_s2s,bnb,proximity,0.8626
462,1782485339.934678,5.8146,1.0051,2.39201,lidar,native_s2s,bnb,proximity,0.8393
463,1782485340.452949,5.7714,1.1006,2.15208,lidar,native_s2s,bnb,proximity,0.8871
464,1782485340.86841,5.7633,1.1849,1.92736,lidar,native_s2s,bnb,proximity,0.8601
465,1782485342.525242,5.8758,0.929,2.05646,lidar,native_s2s,bnb,proximity,0.8101
466,1782485342.835758,5.796,0.8253,2.27667,lidar,native_s2s,bnb,proximity,0.8549
467,1782485343.152708,5.8902,0.7255,2.53011,lidar,native_s2s,bnb,proximity,0.867
468,1782485343.461243,6.0124,0.6475,2.79866,lidar,native_s2s,bnb,proximity,0.8702
469,1782485343.777406,6.134,0.5964,3.09289,lidar,native_s2s,bnb,proximity,0.911
470,1782485345.338745,5.8583,0.5483,-3.05675,lidar,native_s2s,bnb,proximity,0.8704
471,1782485346.176941,5.5055,0.4998,-2.91529,lidar,native_s2s,bnb,proximity,0.8763
472,1782485346.583727,5.3727,0.4586,-2.67262,lidar,native_s2s,bnb,proximity,0.7574
473,1782485347.001061,5.2838,0.3733,-2.45604,lidar,native_s2s,bnb,proximity,0.797
474,1782485347.836005,5.0682,0.1786,-2.38276,lidar,native_s2s,bnb,proximity,0.7174
475,1782485348.569456,4.9058,-0.0382,-2.25988,lidar,native_s2s,bnb,proximity,0.7527
476,1782485348.881547,4.6273,-0.3718,-2.09162,lidar,native_s2s,bnb,proximity,0.7462
477,1782485349.30971,4.6004,-0.5059,-1.86903,lidar,native_s2s,bnb,proximity,0.728
478,1782485350.038378,4.6102,-0.7566,-1.68603,lidar,native_s2s,bnb,proximity,0.7824
479,1782485350.768674,4.6415,-1.0086,-1.55658,lidar,native_s2s,bnb,proximity,0.8648
480,1782485351.497069,4.682,-1.2773,-1.56365,lidar,native_s2s,bnb,proximity,0.8868
481,1782485352.225952,4.5535,-1.696,-1.58972,lidar,native_s2s,bnb,proximity,0.8905
482,1782485352.95029,4.592,-1.9766,-1.59319,lidar,native_s2s,bnb,proximity,0.8678
483,1782485353.575175,4.5943,-2.2016,-1.80817,lidar,native_s2s,bnb,proximity,0.8172
484,1782485354.409541,4.5091,-2.4501,-2.02792,lidar,native_s2s,bnb,proximity,0.8818
485,1782485354.821761,4.4276,-2.5625,-2.30055,lidar,native_s2s,bnb,proximity,0.8424
486,1782485355.339013,4.2039,-2.7624,-2.53732,lidar,native_s2s,bnb,proximity,0.8617
487,1782485355.958325,4.0372,-2.8521,-2.78177,lidar,native_s2s,bnb,proximity,0.8497
488,1782485356.796177,3.7806,-2.9173,-2.97147,lidar,native_s2s,bnb,proximity,0.8497
489,1782485357.625669,3.5009,-2.9123,3.10603,lidar,native_s2s,bnb,proximity,0.8473
490,1782485358.359525,3.2038,-2.8898,2.99563,lidar,native_s2s,bnb,proximity,0.8312
491,1782485359.082655,2.8037,-3.0005,3.11241,lidar,native_s2s,bnb,proximity,0.804
492,1782485359.811333,2.5215,-2.992,3.08285,lidar,native_s2s,bnb,proximity,0.8617
493,1782485360.436501,2.268,-2.9669,3.06535,lidar,native_s2s,bnb,proximity,0.8746
494,1782485361.169829,1.9938,-2.922,2.84687,lidar,native_s2s,bnb,proximity,0.82
495,1782485361.48168,1.9105,-2.8594,2.59869,lidar,native_s2s,bnb,proximity,0.8176
496,1782485362.213808,1.7139,-2.8117,2.36104,lidar,native_s2s,bnb,proximity,0.8889
497,1782485363.668294,1.6981,-2.6894,2.14534,lidar,native_s2s,bnb,proximity,0.9005
498,1782485364.505316,1.825,-2.8637,2.40388,lidar,native_s2s,bnb,proximity,0.8833
499,1782485364.810781,1.908,-2.9317,2.63787,lidar,native_s2s,bnb,proximity,0.917
500,1782485365.124761,2.0103,-2.9897,2.89243,lidar,native_s2s,bnb,proximity,0.8765
501,1782485365.761231,2.2599,-3.1167,2.98261,lidar,native_s2s,bnb,proximity,0.9071
502,1782485366.072,2.397,-3.117,-3.0719,lidar,native_s2s,bnb,proximity,0.8624
503,1782485366.380663,2.5407,-3.0893,-2.78714,lidar,native_s2s,bnb,proximity,0.835
504,1782485367.011152,2.7869,-2.9476,-2.79007,lidar,native_s2s,bnb,proximity,0.8055
505,1782485367.647061,3.0505,-2.8261,-2.98606,lidar,native_s2s,bnb,proximity,0.7367
506,1782485368.15484,3.236,-2.8727,-3.05197,lidar,native_s2s,bnb,proximity,0.7996
507,1782485368.672284,3.4819,-2.8141,-3.06264,lidar,native_s2s,bnb,proximity,0.851
508,1782485369.299122,3.7752,-2.7473,-3.07766,lidar,native_s2s,bnb,proximity,0.8668
509,1782485369.713089,3.9853,-2.6972,2.97545,lidar,native_s2s,bnb,proximity,0.7999
510,1782485370.026535,4.1408,-2.6934,2.72281,lidar,native_s2s,bnb,proximity,0.8249
511,1782485370.341406,4.2173,-2.8133,2.45788,lidar,native_s2s,bnb,proximity,0.8368
512,1782485370.652349,4.3252,-2.8703,2.23703,lidar,native_s2s,bnb,proximity,0.8684
513,1782485371.695284,4.2448,-2.7159,2.01012,lidar,native_s2s,bnb,proximity,0.8912
514,1782485372.527382,4.1709,-2.4719,1.82923,lidar,native_s2s,bnb,proximity,0.8281
515,1782485372.841723,4.1816,-2.352,1.58817,lidar,native_s2s,bnb,proximity,0.8408
516,1782485373.575571,4.147,-2.1348,1.45893,lidar,native_s2s,bnb,proximity,0.8606
517,1782485374.30878,4.1363,-1.8576,1.61506,lidar,native_s2s,bnb,proximity,0.8513
518,1782485374.936183,4.1121,-1.5879,1.6056,lidar,native_s2s,bnb,proximity,0.8322
519,1782485375.558487,4.1013,-1.3191,1.5918,lidar,native_s2s,bnb,proximity,0.8006
520,1782485376.184227,4.0761,-1.0505,1.70321,lidar,native_s2s,bnb,proximity,0.7944
521,1782485376.924555,3.9641,-0.8387,1.80984,lidar,native_s2s,bnb,proximity,0.7745
522,1782485377.551612,3.8941,-0.556,1.79329,lidar,native_s2s,bnb,proximity,0.768
523,1782485378.180677,3.8356,-0.291,1.77471,lidar,native_s2s,bnb,proximity,0.8009
524,1782485378.597254,3.8605,-0.1421,1.49467,lidar,native_s2s,bnb,proximity,0.7312
525,1782485378.911885,3.8921,-0.0386,1.27274,lidar,native_s2s,bnb,proximity,0.7482
526,1782485379.331774,3.925,0.0308,1.00364,lidar,native_s2s,bnb,proximity,0.7589
527,1782485379.747638,4.0227,0.1143,0.73742,lidar,native_s2s,bnb,proximity,0.7716
528,1782485380.055634,4.0979,0.1609,0.52013,lidar,native_s2s,bnb,proximity,0.8341
529,1782485380.47498,4.2037,0.2037,0.30206,lidar,native_s2s,bnb,proximity,0.8317
530,1782485381.712487,4.1761,0.2033,0.09236,lidar,native_s2s,bnb,proximity,0.8589
531,1782485382.436132,3.8298,0.1249,0.06778,lidar,native_s2s,bnb,proximity,0.7632
532,1782485383.174897,3.5377,0.1032,0.02852,lidar,native_s2s,bnb,proximity,0.8039
533,1782485383.794765,3.2519,0.083,-0.14171,lidar,native_s2s,bnb,proximity,0.7845
534,1782485384.42159,2.9768,0.1272,-0.16005,lidar,native_s2s,bnb,proximity,0.7784
535,1782485384.945542,2.757,0.1515,0.11269,lidar,native_s2s,bnb,proximity,0.7371
536,1782485385.476467,2.4917,0.0927,-0.00736,lidar,native_s2s,bnb,proximity,0.784
537,1782485386.195836,2.206,0.0446,-0.04309,lidar,native_s2s,bnb,proximity,0.8495
538,1782485386.814981,1.928,0.0267,-0.05763,lidar,native_s2s,bnb,proximity,0.8571
539,1782485387.436063,1.6615,0.0034,0.06546,lidar,native_s2s,bnb,proximity,0.8532
540,1782485388.05978,1.3844,-0.0466,0.1374,lidar,native_s2s,bnb,proximity,0.8284
541,1782485388.681346,0.852,-0.1391,0.22676,lidar,native_s2s,bnb,proximity,0.824
542,1782485389.304245,0.5614,-0.2301,0.04904,lidar,native_s2s,bnb,proximity,0.8303
543,1782485389.931932,0.2823,-0.2739,0.03763,lidar,native_s2s,bnb,proximity,0.864
544,1782485390.756126,0.0352,-0.3199,0.03945,lidar,native_s2s,bnb,proximity,0.8731
545,1782485392.843033,-0.1004,-0.3616,0.03648,lidar,native_s2s,bnb,proximity,0.9522
546,1782485394.904063,-0.3472,-0.3487,-0.02439,lidar,native_s2s,bnb,proximity,0.9677
547,1782485396.983166,-0.3151,-0.3676,-0.02497,lidar,native_s2s,bnb,proximity,0.975
548,1782485399.061849,-0.3558,-0.3951,-0.02255,lidar,native_s2s,bnb,proximity,0.9783
549,1782485401.161379,-0.3841,-0.409,-0.02236,lidar,native_s2s,bnb,proximity,0.9707
550,1782485403.252534,-0.4207,-0.445,-0.02151,lidar,native_s2s,bnb,proximity,0.9318
551,1782485405.347489,-0.4681,-0.4214,-0.02281,lidar,native_s2s,bnb,proximity,0.9461
552,1782485407.437717,-0.4812,-0.4345,-0.02533,lidar,native_s2s,bnb,proximity,0.9582
553,1782485409.514692,-0.5059,-0.4523,-0.02712,lidar,native_s2s,bnb,proximity,0.979
554,1782485411.588887,-0.5376,-0.4812,-0.02629,lidar,native_s2s,bnb,proximity,0.9591
555,1782485413.665932,-0.5541,-0.496,-0.02761,lidar,native_s2s,bnb,proximity,0.9677
